example_below,factors,below,agg,expected,actual,result,result_emojis,model_input
10,"[3, 5]",100,sum,2318,2418,f,‚ùå,input/incoder/multiples/0.txt
10,"[3, 5]",100,product,13656259021130871772314533494945947941803211599380480000000000000000000000,2418,f,‚ùå,input/incoder/multiples/1.txt
10,"[3, 5]",124,sum,,,p,‚úÖ,input/incoder/multiples/2.txt
10,"[3, 5]",124,product,436652093530433389227012330623523772215735571595728047000696158945280000000000000000000000000000,3543,f,‚ùå,input/incoder/multiples/3.txt
10,"[3, 5]",197,sum,8970,9368,f,‚ùå,input/incoder/multiples/4.txt
10,"[3, 5]",197,product,260111990530269730988881425813525079820541249422522021281533759889572815768749349230470883054030436004745181180119747028582400000000000000000000000000000000000000000000000,78,f,‚ùå,input/incoder/multiples/5.txt
10,"[3, 5]",200,sum,,,p,‚úÖ,input/incoder/multiples/6.txt
10,"[3, 5]",200,product,51502174124993406735798522311077965804467167385659360213743684458135417522212371147633234844698026328939545873663709911659315200000000000000000000000000000000000000000000000,None,f,‚ùå,input/incoder/multiples/7.txt
10,"[3, 5]",500,sum,,,p,‚úÖ,input/incoder/multiples/8.txt
10,"[3, 5]",500,product,37573854355116906426997805141054809452471881538008277192536541472100994869987783286748881219167009255041877601618645679340350655430519269237606935975820513934908618464403273482408276605451378875017935316492608841762326846482393293189894657703531569110868097874338805834125046860253265733188261491309211107697081812302827100729137452416871307869057302224832657119668936171627520734455117244698752126508072960000000000000000000000000000000000000000000000000000000000000000000000000000000000000000000000000000000000000000000000000,None,f,‚ùå,input/incoder/multiples/9.txt
10,"[3, 5]",600,sum,,,p,‚úÖ,input/incoder/multiples/10.txt
10,"[3, 5]",600,product,19475439662299527946856895868502796674477180367467103393547873546694892822840641270431093557474378112230074023623198619179098716088956020251721588669776520859086548374974288025947097446110153824780303014041676720750364120442370895513359809024718374978736658845087001389047308888153178787129519858070867293089600531851156048147529730147845462056975365502468535899323475151455568831455142982611510478503410300977329232938893347205590106898802546139373701512396027297917269443724082277487384487328939327819979161600000000000000000000000000000000000000000000000000000000000000000000000000000000000000000000000000000000000000000000000000000000000000000000000000,83700,f,‚ùå,input/incoder/multiples/11.txt
10,"[3, 5]",1000,sum,,,p,‚úÖ,input/incoder/multiples/12.txt
10,"[3, 5]",1000,product,1693004290488731353360486909793608224710618797167165102688536639594899636916274876052411011602103971024874637346480439719569751667553421423378314538103551285325050887514212914678773529088028144095097270627111525928307568420401645311890228283435268330893369540492624357019695538645035284482578894479531439231674626044683167947931635605438277921583608648092716620754337808079966312584653050707390993196019648675671418215437336303916263734629371441084957162222951959731569253900798370375858908200481917503537443024401405962870346753282375536988606339066812546240190421145910856904876640567018250832846806216464799237595982161047695385260183031977660506175400976469004017880799968474628417891667185892029575874164897611333964220082828119016568847336463005354368061009872964678712575927589691353432261188741041917680153001035653032067229479075747990971658488694669298406656088999801689563326653722735984128947830024798905969978378532515137248780693173960704000000000000000000000000000000000000000000000000000000000000000000000000000000000000000000000000000000000000000000000000000000000000000000000000000000000000000000000000000000000000000000000000000000000000000000000000000000000000000000000000000000,233168,f,‚ùå,input/incoder/multiples/13.txt
10,"[5, 3]",100,sum,2318,2418,f,‚ùå,input/incoder/multiples/14.txt
10,"[5, 3]",100,product,13656259021130871772314533494945947941803211599380480000000000000000000000,2318,f,‚ùå,input/incoder/multiples/15.txt
10,"[5, 3]",124,sum,,,p,‚úÖ,input/incoder/multiples/16.txt
10,"[5, 3]",124,product,436652093530433389227012330623523772215735571595728047000696158945280000000000000000000000000000,None,f,‚ùå,input/incoder/multiples/17.txt
10,"[5, 3]",197,sum,,,e,üíÄ,input/incoder/multiples/18.txt
10,"[5, 3]",197,product,260111990530269730988881425813525079820541249422522021281533759889572815768749349230470883054030436004745181180119747028582400000000000000000000000000000000000000000000000,None,f,‚ùå,input/incoder/multiples/19.txt
10,"[5, 3]",200,sum,,,p,‚úÖ,input/incoder/multiples/20.txt
10,"[5, 3]",200,product,51502174124993406735798522311077965804467167385659360213743684458135417522212371147633234844698026328939545873663709911659315200000000000000000000000000000000000000000000000,9368,f,‚ùå,input/incoder/multiples/21.txt
10,"[5, 3]",500,sum,,,p,‚úÖ,input/incoder/multiples/22.txt
10,"[5, 3]",500,product,37573854355116906426997805141054809452471881538008277192536541472100994869987783286748881219167009255041877601618645679340350655430519269237606935975820513934908618464403273482408276605451378875017935316492608841762326846482393293189894657703531569110868097874338805834125046860253265733188261491309211107697081812302827100729137452416871307869057302224832657119668936171627520734455117244698752126508072960000000000000000000000000000000000000000000000000000000000000000000000000000000000000000000000000000000000000000000000000,57918,f,‚ùå,input/incoder/multiples/23.txt
10,"[5, 3]",600,sum,,,p,‚úÖ,input/incoder/multiples/24.txt
10,"[5, 3]",600,product,19475439662299527946856895868502796674477180367467103393547873546694892822840641270431093557474378112230074023623198619179098716088956020251721588669776520859086548374974288025947097446110153824780303014041676720750364120442370895513359809024718374978736658845087001389047308888153178787129519858070867293089600531851156048147529730147845462056975365502468535899323475151455568831455142982611510478503410300977329232938893347205590106898802546139373701512396027297917269443724082277487384487328939327819979161600000000000000000000000000000000000000000000000000000000000000000000000000000000000000000000000000000000000000000000000000000000000000000000000000,83700,f,‚ùå,input/incoder/multiples/25.txt
10,"[5, 3]",1000,sum,,,p,‚úÖ,input/incoder/multiples/26.txt
10,"[5, 3]",1000,product,1693004290488731353360486909793608224710618797167165102688536639594899636916274876052411011602103971024874637346480439719569751667553421423378314538103551285325050887514212914678773529088028144095097270627111525928307568420401645311890228283435268330893369540492624357019695538645035284482578894479531439231674626044683167947931635605438277921583608648092716620754337808079966312584653050707390993196019648675671418215437336303916263734629371441084957162222951959731569253900798370375858908200481917503537443024401405962870346753282375536988606339066812546240190421145910856904876640567018250832846806216464799237595982161047695385260183031977660506175400976469004017880799968474628417891667185892029575874164897611333964220082828119016568847336463005354368061009872964678712575927589691353432261188741041917680153001035653032067229479075747990971658488694669298406656088999801689563326653722735984128947830024798905969978378532515137248780693173960704000000000000000000000000000000000000000000000000000000000000000000000000000000000000000000000000000000000000000000000000000000000000000000000000000000000000000000000000000000000000000000000000000000000000000000000000000000000000000000000000000000,None,f,‚ùå,input/incoder/multiples/27.txt
10,"[2, 5]",100,sum,2950,25,f,‚ùå,input/incoder/multiples/28.txt
10,"[2, 5]",100,product,2189456526805939100140269275539963626554435852846401011556865295400304640000000000000000000000,373,f,‚ùå,input/incoder/multiples/29.txt
10,"[2, 5]",124,sum,4502,4626,f,‚ùå,input/incoder/multiples/30.txt
10,"[2, 5]",124,product,90361458065835849780910298076352991038919843424633574040517674853821937108628165548577621278720000000000000000000000000000,42535295865117307932921825928971026430,f,‚ùå,input/incoder/multiples/31.txt
10,"[2, 5]",197,sum,11702,13602,f,‚ùå,input/incoder/multiples/32.txt
10,"[2, 5]",197,product,,,e,üíÄ,input/incoder/multiples/33.txt
10,"[2, 5]",200,sum,11900,12100,f,‚ùå,input/incoder/multiples/34.txt
10,"[2, 5]",200,product,18042381025523221146724885017860830842127465020669098645996029530600500685102839481661272698657644647391920026311716176006559583126001152701038565142589389487085061911120288153600000000000000000000000000000000000000000000000,12100,f,‚ùå,input/incoder/multiples/35.txt
10,"[2, 5]",500,sum,,,p,‚úÖ,input/incoder/multiples/36.txt
10,"[2, 5]",500,product,2831682279094098365710087175367176568870039978275535791544865027458698385596162176079630365357545020779248492116116374001660043175995377630299699360734446753440318190975399265772024297364684833066837197686304216581383769452188020102527484294536296550483623504252922495660149293019561395547746516003519358799023135988401394683068190797200225752960781310947027335377117916847221924834654437055220293836905050283031301969945384545365978162010906709465279559124354960520979677964172041655284614796347268331020706793291034530981411244486743216392849688301435617280000000000000000000000000000000000000000000000000000000000000000000000000000000000000000000000000000000000000000000000000,None,f,‚ùå,input/incoder/multiples/37.txt
10,"[2, 5]",600,sum,,,p,‚úÖ,input/incoder/multiples/38.txt
10,"[2, 5]",600,product,628448958358881870571912014217342863473016307097287331658057972184832445379740844823975685192224850788622400189926819663733157633546123002488014405507313389757805213558562403468484936821068346324882031558442544429841921078648805586551365786185295167869689254307014293150144625538544022638333807412798866127850472664277518752510467729462788768794835586208163287634361383785408161518786993178168144317828809820977977586973855793617923599460646382127942179339155914445013331873122822034053271898257697775465283115875263434175491920118433040683062101421165463718300794567231397355510700424163390363069554342643350912143880836818049745083441573930707780213259797012737204466379425295702425977447094681600000000000000000000000000000000000000000000000000000000000000000000000000000000000000000000000000000000000000000000000000000000000000000000000000,None,f,‚ùå,input/incoder/multiples/39.txt
10,"[2, 5]",1000,sum,,,p,‚úÖ,input/incoder/multiples/40.txt
10,"[2, 5]",1000,product,210035265285532072632055303163738241236185004859425115508287390878640068584586639680329020731251436115499114703254205632035155079541052751159287646254472739200193280398131280787842267607392713330825406994625320419860381008894784535621988793705172537888709885322402966283002962959759367438223988676412588407099642522599268963008793355905583877677422300609117049212798986608520554692372357601702497610586073271572205699741922921083277079336474896615033250444720015775994366135920455232835393929252431264573323911804208339641691295919806682864829302532314183948688778111507382375237850771112442547188921286133833791084899877302756521785588908465516684391863761955170259311899468720881488478454844579840796742705917815119523909178410005022300841345299791791366394618547676705490447466220070549434641500078743846412962679982269676185481266102255746266504536370643569079807830942999449167097494519693958935907023725588185888991664585738372114986414891661031051661287858739988508388008935103743773794882130909336567157446964452596895542611037310630118740435649153130696409986236753234224727324341321267781347485056188531567668372942530441806528418587128311861892316750229046361412079398558744843338411869825649654468561862518172540619669701912709510251737036772655213709999582816616385614193960681472000000000000000000000000000000000000000000000000000000000000000000000000000000000000000000000000000000000000000000000000000000000000000000000000000000000000000000000000000000000000000000000000000000000000000000000000000000000000000000000000000000,None,f,‚ùå,input/incoder/multiples/41.txt
10,"[2, 3, 5]",100,sum,3682,5283,f,‚ùå,input/incoder/multiples/42.txt
10,"[2, 3, 5]",100,product,35368674398053675755125743495729953704688979753067569772594338994025651789090578993908725841920000000000000000000000,None,f,‚ùå,input/incoder/multiples/43.txt
10,"[2, 3, 5]",124,sum,5585,5709,f,‚ùå,input/incoder/multiples/44.txt
10,"[2, 3, 5]",124,product,2331737399684742900999248666100229426149809579344201891843214653656287346230263521075120693313116614598852813963911139164160000000000000000000000000000,300,f,‚ùå,input/incoder/multiples/45.txt
10,"[2, 3, 5]",197,sum,14234,14632,f,‚ùå,input/incoder/multiples/46.txt
10,"[2, 3, 5]",197,product,160111325149550079812502657185415192309480929843492230758999726911001637231363618613112594524673490284827204651510214517642421470024914735454513402421912218897268977323014077521138121463465047681616713728803182236196562534400000000000000000000000000000000000000000000000,180,f,‚ùå,input/incoder/multiples/47.txt
10,"[2, 3, 5]",200,sum,14432,20433,f,‚ùå,input/incoder/multiples/48.txt
10,"[2, 3, 5]",200,product,31702042379610915802875526122712208077277224109011461690281945928378324171809996485396293715885351076395786520999022474493199451064933117619993653679538619341659257509956787349185348049766079440960109318303030082766919381811200000000000000000000000000000000000000000000000,None,f,‚ùå,input/incoder/multiples/49.txt
10,"[2, 3, 5]",500,sum,,,p,‚úÖ,input/incoder/multiples/50.txt
10,"[2, 3, 5]",500,product,427363461087833961241596123858407833517283442556174209653710109285060762426769092994848360936302603321808282423806747678994989451640897402418387646943650993358230148613149013271556089166860165073524685579293875054626134457429590871949694399162843457406860347352708458194319209512015593166083191076239187331846252725354140537856070803426460793885386820426940153529041336308108084612877527823459319194559055392857646212709951105195831585061786805220336944931788229253753882536931535418240346512083372700236974695798333273860297568624737109373057845233370562211229851552063845103491620316799153041256673649910403283422394807985494258604083817941470233026314582892268464791488208304785918156992907284099901685760000000000000000000000000000000000000000000000000000000000000000000000000000000000000000000000000000000000000000000000000,938551126474326391454021338593563464310902799236261900607181688993901700406565063726563997845450287070301840186114898133231486716775819200293634348648,f,‚ùå,input/incoder/multiples/51.txt
10,"[2, 3, 5]",600,sum,131700,185100,f,‚ùå,input/incoder/multiples/52.txt
10,"[2, 3, 5]",600,product,20301829798191899980697693241421236596123432832736586500321266787242151728570848870273455186383050239602050739472063436333477674685530691421129139094731165758425715913364726950529867679303975275886401212236564421509640839823683852473363609401104394612510579614338511963475448320464690812700928953914956583788489896702647956909991832219408801501427511413205911570897321897080972917434574357936870575422899873076258899560287341384777529380322927012836010486595726254204374357965968039305416359939952877704779332076446881247544311232144214304282889136950082803018532963298716225083219271435259865075433276051688977339970808999048403738323184818567883460747740383823430082222199839787193252298849149251624996923989278514213504564187479468472659232823180461564470964805534034188832344921087622447035389824545514382031568658965185900093617104430787080612536094525740403966559104075763915161600000000000000000000000000000000000000000000000000000000000000000000000000000000000000000000000000000000000000000000000000000000000000000000000000,None,f,‚ùå,input/incoder/multiples/53.txt
10,"[2, 3, 5]",1000,sum,366832,515833,f,‚ùå,input/incoder/multiples/54.txt
10,"[2, 3, 5]",1000,product,26074721841935124457924886036029158780621046789352255853674160286015607862618928237063541824840666575781708646137242426703101230687151605638408840323126949634042965413827400548612738332586447990485646714434454084069491415089016728005331267007664622467177291773493071531271000268426272821509384797448065059976410525971598281602487975613210186167348986926513700167097001212983058734296107134242014739805461347816804638971614660908020325461870264090900448135007502622157399808350083398057065090946364310885863150426963196116525188253939550385599211990775653067354615216085087700956264480017751020768466675411904309028327500767188130958256987748665068769273628577250062324386885550139125976033517524493558843704002861792801439099076685014026071157652927101050477109245675453783299398631566747072829508577270205604813337910387799088790689572596425420849322285689390243094838036007267517629211083978239366810629599530307206027178499326972190764148264057503938627075666711059100464410085424531793433796395982022166051187584473319552813223763763321745952342921635413112538905443832139407744971214580293501019361121108649956308352375825833017483017277724231026940437678740805438716145732289797246175484483375015416607910850094036912250398630490087041017745265432900311609431411444790073769980277926601531812007554453842017939539275062789000653251833683636116739641704874722590432071403478415404333983594497575582080237563070939987892316982091231314566210741546285117148916908723026526078484809063213104209560894445530805154337846331739341387356758703884583111430685777347811887760824441628907929131933239422770265779517346511667602903442617532416000000000000000000000000000000000000000000000000000000000000000000000000000000000000000000000000000000000000000000000000000000000000000000000000000000000000000000000000000000000000000000000000000000000000000000000000000000000000000000000000000000,366832,f,‚ùå,input/incoder/multiples/55.txt
10,"[5, 3, 2]",100,sum,3682,3782,f,‚ùå,input/incoder/multiples/56.txt
10,"[5, 3, 2]",100,product,35368674398053675755125743495729953704688979753067569772594338994025651789090578993908725841920000000000000000000000,3782,f,‚ùå,input/incoder/multiples/57.txt
10,"[5, 3, 2]",124,sum,5585,5709,f,‚ùå,input/incoder/multiples/58.txt
10,"[5, 3, 2]",124,product,2331737399684742900999248666100229426149809579344201891843214653656287346230263521075120693313116614598852813963911139164160000000000000000000000000000,None,f,‚ùå,input/incoder/multiples/59.txt
10,"[5, 3, 2]",197,sum,14234,366832,f,‚ùå,input/incoder/multiples/60.txt
10,"[5, 3, 2]",197,product,,,e,üíÄ,input/incoder/multiples/61.txt
10,"[5, 3, 2]",200,sum,14432,630,f,‚ùå,input/incoder/multiples/62.txt
10,"[5, 3, 2]",200,product,31702042379610915802875526122712208077277224109011461690281945928378324171809996485396293715885351076395786520999022474493199451064933117619993653679538619341659257509956787349185348049766079440960109318303030082766919381811200000000000000000000000000000000000000000000000,None,f,‚ùå,input/incoder/multiples/63.txt
10,"[5, 3, 2]",500,sum,,,p,‚úÖ,input/incoder/multiples/64.txt
10,"[5, 3, 2]",500,product,427363461087833961241596123858407833517283442556174209653710109285060762426769092994848360936302603321808282423806747678994989451640897402418387646943650993358230148613149013271556089166860165073524685579293875054626134457429590871949694399162843457406860347352708458194319209512015593166083191076239187331846252725354140537856070803426460793885386820426940153529041336308108084612877527823459319194559055392857646212709951105195831585061786805220336944931788229253753882536931535418240346512083372700236974695798333273860297568624737109373057845233370562211229851552063845103491620316799153041256673649910403283422394807985494258604083817941470233026314582892268464791488208304785918156992907284099901685760000000000000000000000000000000000000000000000000000000000000000000000000000000000000000000000000000000000000000000000000,None,f,‚ùå,input/incoder/multiples/65.txt
10,"[5, 3, 2]",600,sum,131700,95700,f,‚ùå,input/incoder/multiples/66.txt
10,"[5, 3, 2]",600,product,20301829798191899980697693241421236596123432832736586500321266787242151728570848870273455186383050239602050739472063436333477674685530691421129139094731165758425715913364726950529867679303975275886401212236564421509640839823683852473363609401104394612510579614338511963475448320464690812700928953914956583788489896702647956909991832219408801501427511413205911570897321897080972917434574357936870575422899873076258899560287341384777529380322927012836010486595726254204374357965968039305416359939952877704779332076446881247544311232144214304282889136950082803018532963298716225083219271435259865075433276051688977339970808999048403738323184818567883460747740383823430082222199839787193252298849149251624996923989278514213504564187479468472659232823180461564470964805534034188832344921087622447035389824545514382031568658965185900093617104430787080612536094525740403966559104075763915161600000000000000000000000000000000000000000000000000000000000000000000000000000000000000000000000000000000000000000000000000000000000000000000000000,None,f,‚ùå,input/incoder/multiples/67.txt
10,"[5, 3, 2]",1000,sum,366832,33165,f,‚ùå,input/incoder/multiples/68.txt
10,"[5, 3, 2]",1000,product,26074721841935124457924886036029158780621046789352255853674160286015607862618928237063541824840666575781708646137242426703101230687151605638408840323126949634042965413827400548612738332586447990485646714434454084069491415089016728005331267007664622467177291773493071531271000268426272821509384797448065059976410525971598281602487975613210186167348986926513700167097001212983058734296107134242014739805461347816804638971614660908020325461870264090900448135007502622157399808350083398057065090946364310885863150426963196116525188253939550385599211990775653067354615216085087700956264480017751020768466675411904309028327500767188130958256987748665068769273628577250062324386885550139125976033517524493558843704002861792801439099076685014026071157652927101050477109245675453783299398631566747072829508577270205604813337910387799088790689572596425420849322285689390243094838036007267517629211083978239366810629599530307206027178499326972190764148264057503938627075666711059100464410085424531793433796395982022166051187584473319552813223763763321745952342921635413112538905443832139407744971214580293501019361121108649956308352375825833017483017277724231026940437678740805438716145732289797246175484483375015416607910850094036912250398630490087041017745265432900311609431411444790073769980277926601531812007554453842017939539275062789000653251833683636116739641704874722590432071403478415404333983594497575582080237563070939987892316982091231314566210741546285117148916908723026526078484809063213104209560894445530805154337846331739341387356758703884583111430685777347811887760824441628907929131933239422770265779517346511667602903442617532416000000000000000000000000000000000000000000000000000000000000000000000000000000000000000000000000000000000000000000000000000000000000000000000000000000000000000000000000000000000000000000000000000000000000000000000000000000000000000000000000000000,None,f,‚ùå,input/incoder/multiples/69.txt
10,"[5, 7, 9]",100,sum,1976,2076,f,‚ùå,input/incoder/multiples/84.txt
10,"[5, 7, 9]",100,product,274895278547260133741779538533111663226880000000000000000000000,315,f,‚ùå,input/incoder/multiples/85.txt
10,"[5, 7, 9]",124,sum,2982,0,f,‚ùå,input/incoder/multiples/86.txt
10,"[5, 7, 9]",124,product,737909246914479623693059454996996005344990254101954560000000000000000000000000000,None,f,‚ùå,input/incoder/multiples/87.txt
10,"[5, 7, 9]",197,sum,7468,7866,f,‚ùå,input/incoder/multiples/88.txt
10,"[5, 7, 9]",197,product,31259507772237682553877529851173957847403189557406519509807055450581310726905838053740792669798400000000000000000000000000000000000000000000000,None,f,‚ùå,input/incoder/multiples/89.txt
10,"[5, 7, 9]",200,sum,,,p,‚úÖ,input/incoder/multiples/90.txt
10,"[5, 7, 9]",200,product,6189382538903061145667750910532443653785831532366490862941796979215099523927355934640676948620083200000000000000000000000000000000000000000000000,None,f,‚ùå,input/incoder/multiples/91.txt
10,"[5, 7, 9]",500,sum,48408,315,f,‚ùå,input/incoder/multiples/92.txt
10,"[5, 7, 9]",500,product,349396755908111774019038978088797522004431048297316590065546880479820425254368777246591949260394122627830229765881328360666125676983287888492499588804508848698976147022470840399959492370907263144784942157364255804278362735540630713411924796642718262859122906033460020203058178952432311180084770743352315403735901583441920000000000000000000000000000000000000000000000000000000000000000000000000000000000000000000000000000000000000000000000000,None,f,‚ùå,input/incoder/multiples/93.txt
10,"[5, 7, 9]",600,sum,,,p,‚úÖ,input/incoder/multiples/94.txt
10,"[5, 7, 9]",600,product,38095487897376438020120255945980587095055117041339511181735737454539335232002226959875224261102073561568725226418598633202381240581583216814609593174816045712365021196657475825212672730831508409634882193404640664108356907688187816254926126916061276455316001630867344878532143100857522041212025665091521050489856723217845249074602677501556251825322462476061259294293782193260752922209178769963771494400000000000000000000000000000000000000000000000000000000000000000000000000000000000000000000000000000000000000000000000000000000000000000000000000,69214,f,‚ùå,input/incoder/multiples/95.txt
10,"[5, 7, 9]",1000,sum,,,p,‚úÖ,input/incoder/multiples/96.txt
10,"[5, 7, 9]",1000,product,2087252095057654815812022035739001357908570294301149006664702313788549981040451036160903160958369070382073861237108016009670448009230039433078196830403832328049590603584326189243605051343966091819893233785964516187502365474079286597959470682412070089515186021518151162496943376681065607329442928784678473918181218088995825930442345996954356995121182933098081049946716309503869652441400590260702753070508636593894428945652220979124557494042934964958828571325936224655382785229245713701667833137239642546807713960443341930758812421987311599073441623648701220423031472368174575725083610227318076993274718338871853019596587711936103351973449481102405006612383321448711359186078599282846340336184514986485767262907427193035249381553815817466204416608716881657856000000000000000000000000000000000000000000000000000000000000000000000000000000000000000000000000000000000000000000000000000000000000000000000000000000000000000000000000000000000000000000000000000000000000000000000000000000000000000000000000000000,None,f,‚ùå,input/incoder/multiples/97.txt
10,"[2, 9]",100,sum,2774,2874,f,‚ùå,input/incoder/multiples/98.txt
10,"[2, 9]",100,product,1891708459550321002253343367976069573853376401889791634170642309501788199321600000000000,None,f,‚ùå,input/incoder/multiples/99.txt
10,"[2, 9]",124,sum,4223,4455,f,‚ùå,input/incoder/multiples/100.txt
10,"[2, 9]",124,product,756484148118055507869296028510278138546956920510847878945241708815225947685190100410466765088227328000000000000000,"[117, 99, 81, 63, 45, 27, 9]",f,‚ùå,input/incoder/multiples/101.txt
10,"[2, 9]",197,sum,10791,11189,f,‚ùå,input/incoder/multiples/102.txt
10,"[2, 9]",197,product,1289010814850022663497119174285822121000161353869893904840119176374792551138075853137405915611843429118632303380471949625650682319008953232497843287347237317629893179783994694172672000000000000000000000000,None,f,‚ùå,input/incoder/multiples/103.txt
10,"[2, 9]",200,sum,,,p,‚úÖ,input/incoder/multiples/104.txt
10,"[2, 9]",200,product,255224141340304487372429596508592779958031948066238993158343596922208925125339018921206371291144998965489196069333446025878835099163772740034572970894752988890718849597230949446189056000000000000000000000000,12177,f,‚ùå,input/incoder/multiples/105.txt
10,"[2, 9]",500,sum,,,p,‚úÖ,input/incoder/multiples/106.txt
10,"[2, 9]",500,product,53185544359970633228048461368527178753783059753080115879898469434333721120752857814727842865184071678069481559471446195635681208836788146545925789342966721270390947020438614834801139960856556506644659143708314310622348690613847086018237599590341027036267988221869629679410379607974041699915761892742366334182858011311888072008434991591672675579650294983023896205029883862166475715272625488562203508454703040226367525696014587580091881378627541905725161755367028113923398864256593524573611112568333998164871560403861254639648910332379971131394841826567780495785984000000000000000000000000000000000000000000000000000000000000000000,69306,f,‚ùå,input/incoder/multiples/107.txt
10,"[2, 9]",600,sum,,,p,‚úÖ,input/incoder/multiples/108.txt
10,"[2, 9]",600,product,234342980781744334262177239810136858807394831928892249324102188377400764805314104892044874621623315638911653546404171270228890424491128942043824789033772572971919563681950793404760986984045042240084261639868804477804608135255440609633477430619307549902535729206829028321214856292583581570419360563412268071247126912184486121617015186482866905693557533116975511209099614921021734992263292671433363336629366397318861897340935466801758703774370401690656472343808595084540012370160655732950338400997432481153393648437532545730701134458242618618141438254420132523242588347178720243208706715449066176335069440418401968006265640577952353127622768443080251335771113169358834582884064698710664084030564492902400000000000000000000000000000000000000000000000000000000000000000000000000000000,99501,f,‚ùå,input/incoder/multiples/109.txt
10,"[2, 9]",1000,sum,,,p,‚úÖ,input/incoder/multiples/110.txt
10,"[2, 9]",1000,product,4215965484785246983009905765174089168580937499693788987457744885136657662102407232530850927788578031573436100489804525212121958990395787444387451812674641708598445667363138658396360217150067935322037179415343983514304557320017247702013743275254350175117149377228908713807467097999613569670292514705413415003417526060905375843019013559133895549961347060660781068705512913363012891003666169676529206538222176544904505822720036058919547122507132750123565459749740686287995149313374923357782794737031785847885152138559975224209574847283715183323431463535490704600820016120950263333125885514390872180872931847418206220370780107077630691545697999155994659471694290836861060421394469601008020029965588183783165737624518401566554131674923242414191637206240103290825545931985778572189816924307447584630355029265132496656205848214249138556828962389557113067326233436505661578991721170046280088660920928441099326055421780172537307181071894847903643041502535764419466275917277307646663591805337139652652635974696053056578903906461635311000213502582731490485195758554376747925256801985499043024346591176500926983125325941856444530561351142068169778582389678545422399039327902452905257600471218613206070453341347713989901125979688987665053800294101712349325142199794019151718456193513081544202533650982502400000000000000000000000000000000000000000000000000000000000000000000000000000000000000000000000000000000000000000000000000000000000000,305444,f,‚ùå,input/incoder/multiples/111.txt
15,"[3, 5]",100,sum,,,p,‚úÖ,input/incoder/multiples/112.txt
15,"[3, 5]",100,product,13656259021130871772314533494945947941803211599380480000000000000000000000,2418,f,‚ùå,input/incoder/multiples/113.txt
15,"[3, 5]",124,sum,,,p,‚úÖ,input/incoder/multiples/114.txt
15,"[3, 5]",124,product,436652093530433389227012330623523772215735571595728047000696158945280000000000000000000000000000,33,f,‚ùå,input/incoder/multiples/115.txt
15,"[3, 5]",197,sum,8970,9368,f,‚ùå,input/incoder/multiples/116.txt
15,"[3, 5]",197,product,,,e,üíÄ,input/incoder/multiples/117.txt
15,"[3, 5]",200,sum,,,p,‚úÖ,input/incoder/multiples/118.txt
15,"[3, 5]",200,product,51502174124993406735798522311077965804467167385659360213743684458135417522212371147633234844698026328939545873663709911659315200000000000000000000000000000000000000000000000,9368,f,‚ùå,input/incoder/multiples/119.txt
15,"[3, 5]",500,sum,,,p,‚úÖ,input/incoder/multiples/120.txt
15,"[3, 5]",500,product,37573854355116906426997805141054809452471881538008277192536541472100994869987783286748881219167009255041877601618645679340350655430519269237606935975820513934908618464403273482408276605451378875017935316492608841762326846482393293189894657703531569110868097874338805834125046860253265733188261491309211107697081812302827100729137452416871307869057302224832657119668936171627520734455117244698752126508072960000000000000000000000000000000000000000000000000000000000000000000000000000000000000000000000000000000000000000000000000,58418,f,‚ùå,input/incoder/multiples/121.txt
15,"[3, 5]",600,sum,,,p,‚úÖ,input/incoder/multiples/122.txt
15,"[3, 5]",600,product,19475439662299527946856895868502796674477180367467103393547873546694892822840641270431093557474378112230074023623198619179098716088956020251721588669776520859086548374974288025947097446110153824780303014041676720750364120442370895513359809024718374978736658845087001389047308888153178787129519858070867293089600531851156048147529730147845462056975365502468535899323475151455568831455142982611510478503410300977329232938893347205590106898802546139373701512396027297917269443724082277487384487328939327819979161600000000000000000000000000000000000000000000000000000000000000000000000000000000000000000000000000000000000000000000000000000000000000000000000000,None,f,‚ùå,input/incoder/multiples/123.txt
15,"[3, 5]",1000,sum,,,p,‚úÖ,input/incoder/multiples/124.txt
15,"[3, 5]",1000,product,1693004290488731353360486909793608224710618797167165102688536639594899636916274876052411011602103971024874637346480439719569751667553421423378314538103551285325050887514212914678773529088028144095097270627111525928307568420401645311890228283435268330893369540492624357019695538645035284482578894479531439231674626044683167947931635605438277921583608648092716620754337808079966312584653050707390993196019648675671418215437336303916263734629371441084957162222951959731569253900798370375858908200481917503537443024401405962870346753282375536988606339066812546240190421145910856904876640567018250832846806216464799237595982161047695385260183031977660506175400976469004017880799968474628417891667185892029575874164897611333964220082828119016568847336463005354368061009872964678712575927589691353432261188741041917680153001035653032067229479075747990971658488694669298406656088999801689563326653722735984128947830024798905969978378532515137248780693173960704000000000000000000000000000000000000000000000000000000000000000000000000000000000000000000000000000000000000000000000000000000000000000000000000000000000000000000000000000000000000000000000000000000000000000000000000000000000000000000000000000000,233168,f,‚ùå,input/incoder/multiples/125.txt
15,"[5, 3]",100,sum,2318,2418,f,‚ùå,input/incoder/multiples/126.txt
15,"[5, 3]",100,product,13656259021130871772314533494945947941803211599380480000000000000000000000,None,f,‚ùå,input/incoder/multiples/127.txt
15,"[5, 3]",124,sum,,,p,‚úÖ,input/incoder/multiples/128.txt
15,"[5, 3]",124,product,436652093530433389227012330623523772215735571595728047000696158945280000000000000000000000000000,45,f,‚ùå,input/incoder/multiples/129.txt
15,"[5, 3]",197,sum,,,e,üíÄ,input/incoder/multiples/130.txt
15,"[5, 3]",197,product,260111990530269730988881425813525079820541249422522021281533759889572815768749349230470883054030436004745181180119747028582400000000000000000000000000000000000000000000000,8970,f,‚ùå,input/incoder/multiples/131.txt
15,"[5, 3]",200,sum,,,p,‚úÖ,input/incoder/multiples/132.txt
15,"[5, 3]",200,product,51502174124993406735798522311077965804467167385659360213743684458135417522212371147633234844698026328939545873663709911659315200000000000000000000000000000000000000000000000,None,f,‚ùå,input/incoder/multiples/133.txt
15,"[5, 3]",500,sum,57918,58418,f,‚ùå,input/incoder/multiples/134.txt
15,"[5, 3]",500,product,37573854355116906426997805141054809452471881538008277192536541472100994869987783286748881219167009255041877601618645679340350655430519269237606935975820513934908618464403273482408276605451378875017935316492608841762326846482393293189894657703531569110868097874338805834125046860253265733188261491309211107697081812302827100729137452416871307869057302224832657119668936171627520734455117244698752126508072960000000000000000000000000000000000000000000000000000000000000000000000000000000000000000000000000000000000000000000000000,None,f,‚ùå,input/incoder/multiples/135.txt
15,"[5, 3]",600,sum,,,p,‚úÖ,input/incoder/multiples/136.txt
15,"[5, 3]",600,product,19475439662299527946856895868502796674477180367467103393547873546694892822840641270431093557474378112230074023623198619179098716088956020251721588669776520859086548374974288025947097446110153824780303014041676720750364120442370895513359809024718374978736658845087001389047308888153178787129519858070867293089600531851156048147529730147845462056975365502468535899323475151455568831455142982611510478503410300977329232938893347205590106898802546139373701512396027297917269443724082277487384487328939327819979161600000000000000000000000000000000000000000000000000000000000000000000000000000000000000000000000000000000000000000000000000000000000000000000000000,None,f,‚ùå,input/incoder/multiples/137.txt
15,"[5, 3]",1000,sum,,,p,‚úÖ,input/incoder/multiples/138.txt
15,"[5, 3]",1000,product,1693004290488731353360486909793608224710618797167165102688536639594899636916274876052411011602103971024874637346480439719569751667553421423378314538103551285325050887514212914678773529088028144095097270627111525928307568420401645311890228283435268330893369540492624357019695538645035284482578894479531439231674626044683167947931635605438277921583608648092716620754337808079966312584653050707390993196019648675671418215437336303916263734629371441084957162222951959731569253900798370375858908200481917503537443024401405962870346753282375536988606339066812546240190421145910856904876640567018250832846806216464799237595982161047695385260183031977660506175400976469004017880799968474628417891667185892029575874164897611333964220082828119016568847336463005354368061009872964678712575927589691353432261188741041917680153001035653032067229479075747990971658488694669298406656088999801689563326653722735984128947830024798905969978378532515137248780693173960704000000000000000000000000000000000000000000000000000000000000000000000000000000000000000000000000000000000000000000000000000000000000000000000000000000000000000000000000000000000000000000000000000000000000000000000000000000000000000000000000000000,None,f,‚ùå,input/incoder/multiples/139.txt
15,"[2, 5]",100,sum,2950,3050,f,‚ùå,input/incoder/multiples/140.txt
15,"[2, 5]",100,product,2189456526805939100140269275539963626554435852846401011556865295400304640000000000000000000000,None,f,‚ùå,input/incoder/multiples/141.txt
15,"[2, 5]",124,sum,4502,4626,f,‚ùå,input/incoder/multiples/142.txt
15,"[2, 5]",124,product,90361458065835849780910298076352991038919843424633574040517674853821937108628165548577621278720000000000000000000000000000,780,f,‚ùå,input/incoder/multiples/143.txt
15,"[2, 5]",197,sum,,,e,üíÄ,input/incoder/multiples/144.txt
15,"[2, 5]",197,product,91123136492541520943054974837680963849128611215500498212101159245457074167186057988188245952816387108040000132887455434376563551141419963136558409811057522662045767227880243200000000000000000000000000000000000000000000000,None,f,‚ùå,input/incoder/multiples/145.txt
15,"[2, 5]",200,sum,,,p,‚úÖ,input/incoder/multiples/146.txt
15,"[2, 5]",200,product,18042381025523221146724885017860830842127465020669098645996029530600500685102839481661272698657644647391920026311716176006559583126001152701038565142589389487085061911120288153600000000000000000000000000000000000000000000000,"[2, 4, 5, 6, 8, 10, 12, 14, 15, 16, 18, 20, 22, 24, 25, 26, 28, 30, 32, 34, 35, 36, 38, 40, 42, 44, 45, 46, 48, 50, 52, 54, 55, 56, 58, 60, 62, 64, 65, 66, 68, 70, 72, 74, 75, 76, 78, 80, 82, 84, 85, 86, 88, 90, 92, 94, 95, 96, 98, 100, 102, 104, 105, 106, 108, 110, 112, 114, 115, 116, 118, 120, 122, 124, 125, 126, 128, 130, 132, 134, 135, 136, 138, 140, 142, 144, 145, 146, 148, 150, 152, 154, 155, 156, 158, 160, 162, 164, 165, 166, 168, 170, 172, 174, 175, 176, 178, 180, 182, 184, 185, 186, 188, 190, 192, 194, 195, 196, 198]",f,‚ùå,input/incoder/multiples/147.txt
15,"[2, 5]",500,sum,,,p,‚úÖ,input/incoder/multiples/148.txt
15,"[2, 5]",500,product,2831682279094098365710087175367176568870039978275535791544865027458698385596162176079630365357545020779248492116116374001660043175995377630299699360734446753440318190975399265772024297364684833066837197686304216581383769452188020102527484294536296550483623504252922495660149293019561395547746516003519358799023135988401394683068190797200225752960781310947027335377117916847221924834654437055220293836905050283031301969945384545365978162010906709465279559124354960520979677964172041655284614796347268331020706793291034530981411244486743216392849688301435617280000000000000000000000000000000000000000000000000000000000000000000000000000000000000000000000000000000000000000000000000,None,f,‚ùå,input/incoder/multiples/149.txt
15,"[2, 5]",600,sum,,,p,‚úÖ,input/incoder/multiples/150.txt
15,"[2, 5]",600,product,628448958358881870571912014217342863473016307097287331658057972184832445379740844823975685192224850788622400189926819663733157633546123002488014405507313389757805213558562403468484936821068346324882031558442544429841921078648805586551365786185295167869689254307014293150144625538544022638333807412798866127850472664277518752510467729462788768794835586208163287634361383785408161518786993178168144317828809820977977586973855793617923599460646382127942179339155914445013331873122822034053271898257697775465283115875263434175491920118433040683062101421165463718300794567231397355510700424163390363069554342643350912143880836818049745083441573930707780213259797012737204466379425295702425977447094681600000000000000000000000000000000000000000000000000000000000000000000000000000000000000000000000000000000000000000000000000000000000000000000000000,"[0, 2, 4, 5, 6, 8, 10, 12, 14]",f,‚ùå,input/incoder/multiples/151.txt
15,"[2, 5]",1000,sum,,,p,‚úÖ,input/incoder/multiples/152.txt
15,"[2, 5]",1000,product,210035265285532072632055303163738241236185004859425115508287390878640068584586639680329020731251436115499114703254205632035155079541052751159287646254472739200193280398131280787842267607392713330825406994625320419860381008894784535621988793705172537888709885322402966283002962959759367438223988676412588407099642522599268963008793355905583877677422300609117049212798986608520554692372357601702497610586073271572205699741922921083277079336474896615033250444720015775994366135920455232835393929252431264573323911804208339641691295919806682864829302532314183948688778111507382375237850771112442547188921286133833791084899877302756521785588908465516684391863761955170259311899468720881488478454844579840796742705917815119523909178410005022300841345299791791366394618547676705490447466220070549434641500078743846412962679982269676185481266102255746266504536370643569079807830942999449167097494519693958935907023725588185888991664585738372114986414891661031051661287858739988508388008935103743773794882130909336567157446964452596895542611037310630118740435649153130696409986236753234224727324341321267781347485056188531567668372942530441806528418587128311861892316750229046361412079398558744843338411869825649654468561862518172540619669701912709510251737036772655213709999582816616385614193960681472000000000000000000000000000000000000000000000000000000000000000000000000000000000000000000000000000000000000000000000000000000000000000000000000000000000000000000000000000000000000000000000000000000000000000000000000000000000000000000000000000000,3225600,f,‚ùå,input/incoder/multiples/153.txt
15,"[2, 3, 5]",100,sum,3682,180,f,‚ùå,input/incoder/multiples/154.txt
15,"[2, 3, 5]",100,product,,,e,üíÄ,input/incoder/multiples/155.txt
15,"[2, 3, 5]",124,sum,5585,300,f,‚ùå,input/incoder/multiples/156.txt
15,"[2, 3, 5]",124,product,2331737399684742900999248666100229426149809579344201891843214653656287346230263521075120693313116614598852813963911139164160000000000000000000000000000,300,f,‚ùå,input/incoder/multiples/157.txt
15,"[2, 3, 5]",197,sum,14234,5267,f,‚ùå,input/incoder/multiples/158.txt
15,"[2, 3, 5]",197,product,160111325149550079812502657185415192309480929843492230758999726911001637231363618613112594524673490284827204651510214517642421470024914735454513402421912218897268977323014077521138121463465047681616713728803182236196562534400000000000000000000000000000000000000000000000,"[2, 3, 4, 5, 6, 8, 9, 10, 12, 14, 15, 16, 18, 20, 21, 22, 24, 25, 26, 27, 28, 30, 32, 33, 34, 35, 36, 38, 39, 40, 42, 44, 45, 46, 48, 50, 51, 52, 54, 55, 56, 57, 58, 60, 62, 63, 64, 65, 66, 68, 69, 70, 72, 74, 75, 76, 78, 80, 81, 82, 84, 85, 86, 87, 88, 90, 92, 93, 94, 95, 96, 98, 99, 100, 102, 104, 105, 106, 108, 110, 111, 112, 114, 115, 116, 117, 118, 120, 122, 123, 124, 125, 126, 128, 129, 130, 132, 134, 135, 136, 138, 140, 141, 142, 144, 145, 146, 147, 148, 150, 152, 153, 154, 155, 156, 158, 159, 160, 162, 164, 165, 166, 168, 170, 171, 172, 174, 175, 176, 177, 178, 180, 182, 183, 184, 185, 186, 188, 189, 190, 192, 194, 195, 196]",f,‚ùå,input/incoder/multiples/159.txt
15,"[2, 3, 5]",200,sum,,,p,‚úÖ,input/incoder/multiples/160.txt
15,"[2, 3, 5]",200,product,31702042379610915802875526122712208077277224109011461690281945928378324171809996485396293715885351076395786520999022474493199451064933117619993653679538619341659257509956787349185348049766079440960109318303030082766919381811200000000000000000000000000000000000000000000000,None,f,‚ùå,input/incoder/multiples/161.txt
15,"[2, 3, 5]",500,sum,,,p,‚úÖ,input/incoder/multiples/162.txt
15,"[2, 3, 5]",500,product,427363461087833961241596123858407833517283442556174209653710109285060762426769092994848360936302603321808282423806747678994989451640897402418387646943650993358230148613149013271556089166860165073524685579293875054626134457429590871949694399162843457406860347352708458194319209512015593166083191076239187331846252725354140537856070803426460793885386820426940153529041336308108084612877527823459319194559055392857646212709951105195831585061786805220336944931788229253753882536931535418240346512083372700236974695798333273860297568624737109373057845233370562211229851552063845103491620316799153041256673649910403283422394807985494258604083817941470233026314582892268464791488208304785918156992907284099901685760000000000000000000000000000000000000000000000000000000000000000000000000000000000000000000000000000000000000000000000000,4080,f,‚ùå,input/incoder/multiples/163.txt
15,"[2, 3, 5]",600,sum,131700,5700,f,‚ùå,input/incoder/multiples/164.txt
15,"[2, 3, 5]",600,product,20301829798191899980697693241421236596123432832736586500321266787242151728570848870273455186383050239602050739472063436333477674685530691421129139094731165758425715913364726950529867679303975275886401212236564421509640839823683852473363609401104394612510579614338511963475448320464690812700928953914956583788489896702647956909991832219408801501427511413205911570897321897080972917434574357936870575422899873076258899560287341384777529380322927012836010486595726254204374357965968039305416359939952877704779332076446881247544311232144214304282889136950082803018532963298716225083219271435259865075433276051688977339970808999048403738323184818567883460747740383823430082222199839787193252298849149251624996923989278514213504564187479468472659232823180461564470964805534034188832344921087622447035389824545514382031568658965185900093617104430787080612536094525740403966559104075763915161600000000000000000000000000000000000000000000000000000000000000000000000000000000000000000000000000000000000000000000000000000000000000000000000000,None,f,‚ùå,input/incoder/multiples/165.txt
15,"[2, 3, 5]",1000,sum,366832,515833,f,‚ùå,input/incoder/multiples/166.txt
15,"[2, 3, 5]",1000,product,26074721841935124457924886036029158780621046789352255853674160286015607862618928237063541824840666575781708646137242426703101230687151605638408840323126949634042965413827400548612738332586447990485646714434454084069491415089016728005331267007664622467177291773493071531271000268426272821509384797448065059976410525971598281602487975613210186167348986926513700167097001212983058734296107134242014739805461347816804638971614660908020325461870264090900448135007502622157399808350083398057065090946364310885863150426963196116525188253939550385599211990775653067354615216085087700956264480017751020768466675411904309028327500767188130958256987748665068769273628577250062324386885550139125976033517524493558843704002861792801439099076685014026071157652927101050477109245675453783299398631566747072829508577270205604813337910387799088790689572596425420849322285689390243094838036007267517629211083978239366810629599530307206027178499326972190764148264057503938627075666711059100464410085424531793433796395982022166051187584473319552813223763763321745952342921635413112538905443832139407744971214580293501019361121108649956308352375825833017483017277724231026940437678740805438716145732289797246175484483375015416607910850094036912250398630490087041017745265432900311609431411444790073769980277926601531812007554453842017939539275062789000653251833683636116739641704874722590432071403478415404333983594497575582080237563070939987892316982091231314566210741546285117148916908723026526078484809063213104209560894445530805154337846331739341387356758703884583111430685777347811887760824441628907929131933239422770265779517346511667602903442617532416000000000000000000000000000000000000000000000000000000000000000000000000000000000000000000000000000000000000000000000000000000000000000000000000000000000000000000000000000000000000000000000000000000000000000000000000000000000000000000000000000000,16830,f,‚ùå,input/incoder/multiples/167.txt
15,"[5, 3, 2]",100,sum,3682,315,f,‚ùå,input/incoder/multiples/168.txt
15,"[5, 3, 2]",100,product,,,e,üíÄ,input/incoder/multiples/169.txt
15,"[5, 3, 2]",124,sum,5585,4146,f,‚ùå,input/incoder/multiples/170.txt
15,"[5, 3, 2]",124,product,2331737399684742900999248666100229426149809579344201891843214653656287346230263521075120693313116614598852813963911139164160000000000000000000000000000,None,f,‚ùå,input/incoder/multiples/171.txt
15,"[5, 3, 2]",197,sum,,,e,üíÄ,input/incoder/multiples/172.txt
15,"[5, 3, 2]",197,product,,,e,üíÄ,input/incoder/multiples/173.txt
15,"[5, 3, 2]",200,sum,14432,10635,f,‚ùå,input/incoder/multiples/174.txt
15,"[5, 3, 2]",200,product,31702042379610915802875526122712208077277224109011461690281945928378324171809996485396293715885351076395786520999022474493199451064933117619993653679538619341659257509956787349185348049766079440960109318303030082766919381811200000000000000000000000000000000000000000000000,"[0, 2, 3, 4, 5, 6, 8, 9, 10, 12, 14]",f,‚ùå,input/incoder/multiples/175.txt
15,"[5, 3, 2]",500,sum,91082,8415,f,‚ùå,input/incoder/multiples/176.txt
15,"[5, 3, 2]",500,product,427363461087833961241596123858407833517283442556174209653710109285060762426769092994848360936302603321808282423806747678994989451640897402418387646943650993358230148613149013271556089166860165073524685579293875054626134457429590871949694399162843457406860347352708458194319209512015593166083191076239187331846252725354140537856070803426460793885386820426940153529041336308108084612877527823459319194559055392857646212709951105195831585061786805220336944931788229253753882536931535418240346512083372700236974695798333273860297568624737109373057845233370562211229851552063845103491620316799153041256673649910403283422394807985494258604083817941470233026314582892268464791488208304785918156992907284099901685760000000000000000000000000000000000000000000000000000000000000000000000000000000000000000000000000000000000000000000000000,None,f,‚ùå,input/incoder/multiples/177.txt
15,"[5, 3, 2]",600,sum,,,p,‚úÖ,input/incoder/multiples/178.txt
15,"[5, 3, 2]",600,product,20301829798191899980697693241421236596123432832736586500321266787242151728570848870273455186383050239602050739472063436333477674685530691421129139094731165758425715913364726950529867679303975275886401212236564421509640839823683852473363609401104394612510579614338511963475448320464690812700928953914956583788489896702647956909991832219408801501427511413205911570897321897080972917434574357936870575422899873076258899560287341384777529380322927012836010486595726254204374357965968039305416359939952877704779332076446881247544311232144214304282889136950082803018532963298716225083219271435259865075433276051688977339970808999048403738323184818567883460747740383823430082222199839787193252298849149251624996923989278514213504564187479468472659232823180461564470964805534034188832344921087622447035389824545514382031568658965185900093617104430787080612536094525740403966559104075763915161600000000000000000000000000000000000000000000000000000000000000000000000000000000000000000000000000000000000000000000000000000000000000000000000000,"[3, 5, 6, 9, 10, 12, 15, 18, 20, 21, 24, 25, 27, 30, 33, 35, 36, 39, 40, 42, 45, 48, 50, 51, 54, 55, 57, 60, 63, 65, 66, 69, 70, 72, 75, 78, 80, 81, 84, 85, 87, 90, 93, 95, 96, 99, 100, 102, 105, 108, 110, 111, 114, 115, 117, 120, 123, 125, 126, 129, 130, 132, 135, 138, 140, 141, 144, 145, 147, 150, 153, 155, 156, 159, 160, 162, 165, 168, 170, 171, 174, 175, 177, 180, 183, 185, 186, 189, 190, 192, 195, 198, 200, 201, 204, 205, 207, 210, 213, 215, 216, 219, 220, 222, 225, 228, 230, 231, 234, 235, 237, 240, 243, 245, 246, 249, 250, 252, 255, 258, 260, 261, 264, 265, 267, 270, 273, 275, 276, 279, 280, 282, 285, 288, 290, 291, 294, 295, 297, 300, 303, 305, 306, 309, 310, 312, 315, 318, 320, 321, 324, 325, 327, 330, 333, 335, 336, 339, 340, 342, 345, 348, 350, 351, 354, 355, 357, 360, 363, 365, 366, 369, 370, 372, 375, 378, 380, 381, 384, 385, 387, 390, 393, 395, 396, 399, 400, 402, 405, 408, 410, 411, 414, 415, 417, 420, 423, 425, 426, 429, 430, 432, 435, 438, 440, 441, 444, 445, 447, 450, 453, 455, 456, 459, 460, 462, 465, 468, 470, 471, 474, 475, 477, 480, 483, 485, 486, 489, 490, 492, 495, 498, 500, 501, 504, 505, 507, 510, 513, 515, 516, 519, 520, 522, 525, 528, 530, 531, 534, 535, 537, 540, 543, 545, 546, 549, 550, 552, 555, 558, 560, 561, 564, 565, 567, 570, 573, 575, 576, 579, 580, 582, 585, 588, 590, 591, 594, 595, 597]",f,‚ùå,input/incoder/multiples/179.txt
15,"[5, 3, 2]",1000,sum,366832,33165,f,‚ùå,input/incoder/multiples/180.txt
15,"[5, 3, 2]",1000,product,26074721841935124457924886036029158780621046789352255853674160286015607862618928237063541824840666575781708646137242426703101230687151605638408840323126949634042965413827400548612738332586447990485646714434454084069491415089016728005331267007664622467177291773493071531271000268426272821509384797448065059976410525971598281602487975613210186167348986926513700167097001212983058734296107134242014739805461347816804638971614660908020325461870264090900448135007502622157399808350083398057065090946364310885863150426963196116525188253939550385599211990775653067354615216085087700956264480017751020768466675411904309028327500767188130958256987748665068769273628577250062324386885550139125976033517524493558843704002861792801439099076685014026071157652927101050477109245675453783299398631566747072829508577270205604813337910387799088790689572596425420849322285689390243094838036007267517629211083978239366810629599530307206027178499326972190764148264057503938627075666711059100464410085424531793433796395982022166051187584473319552813223763763321745952342921635413112538905443832139407744971214580293501019361121108649956308352375825833017483017277724231026940437678740805438716145732289797246175484483375015416607910850094036912250398630490087041017745265432900311609431411444790073769980277926601531812007554453842017939539275062789000653251833683636116739641704874722590432071403478415404333983594497575582080237563070939987892316982091231314566210741546285117148916908723026526078484809063213104209560894445530805154337846331739341387356758703884583111430685777347811887760824441628907929131933239422770265779517346511667602903442617532416000000000000000000000000000000000000000000000000000000000000000000000000000000000000000000000000000000000000000000000000000000000000000000000000000000000000000000000000000000000000000000000000000000000000000000000000000000000000000000000000000000,366832,f,‚ùå,input/incoder/multiples/181.txt
15,"[13, 17]",100,sum,,,p,‚úÖ,input/incoder/multiples/182.txt
15,"[13, 17]",100,product,53884003482531331200,None,f,‚ùå,input/incoder/multiples/183.txt
15,"[13, 17]",124,sum,,,p,‚úÖ,input/incoder/multiples/184.txt
15,"[13, 17]",124,product,7958407809009105747348940800,"[119, 117, 104, 102, 91, 85, 78, 68, 65, 52, 51, 39, 34, 26, 17, 13]",f,‚ùå,input/incoder/multiples/185.txt
15,"[13, 17]",197,sum,2682,30,f,‚ùå,input/incoder/multiples/186.txt
15,"[13, 17]",197,product,91568004292274461142053963753710350631552614400000,None,f,‚ùå,input/incoder/multiples/187.txt
15,"[13, 17]",200,sum,,,p,‚úÖ,input/incoder/multiples/188.txt
15,"[13, 17]",200,product,91568004292274461142053963753710350631552614400000,None,f,‚ùå,input/incoder/multiples/189.txt
15,"[13, 17]",500,sum,16365,None,f,‚ùå,input/incoder/multiples/190.txt
15,"[13, 17]",500,product,48765294868526119854101154680229979980549427903854222272382060547194367708725167880152753044408466332474234814157005725107974866521292800000000000000,None,f,‚ùå,input/incoder/multiples/191.txt
15,"[13, 17]",600,sum,,,p,‚úÖ,input/incoder/multiples/192.txt
15,"[13, 17]",600,product,11805768217381919186109410533673650241962918416738840932152414125721143469393215467622270667236988811708228034419056332891695344464251824828219375167096583556814342193152000000000000000000,"[13, 17, 26, 34, 39, 51, 52, 65, 68, 78, 85, 91, 102, 104, 117, 119, 130, 136, 143, 153, 156, 169, 170, 182, 187, 195, 204, 208, 221, 234, 238, 247, 255, 260, 272, 273, 286, 289, 299, 306, 312, 323, 325, 338, 340, 351, 357, 364, 374, 377, 390, 391, 403, 408, 416, 425, 429, 442, 455, 459, 468, 476, 481, 493, 494, 507, 510, 520, 527, 533, 544, 546, 559, 561, 572, 578, 585, 595, 598]",f,‚ùå,input/incoder/multiples/193.txt
15,"[13, 17]",1000,sum,,,p,‚úÖ,input/incoder/multiples/194.txt
15,"[13, 17]",1000,product,82138881090465788250278499964084978258707120217812908812426663362231528664672232711156236784467471516736766842250602764078957100765371446470015392952409579423504610893712433299294194184806925952722381559604149841300893696933607420991915267509603413702984207689337783000676391447208963523592090898147573760000000000000000000000000000000,"[13, 17, 26, 34, 39, 51, 52, 65, 68, 78, 85, 91, 102, 104, 117, 119, 130, 136, 143, 153, 156, 169, 170, 182, 187, 195, 204, 208, 221, 234, 238, 247, 255, 260, 272, 273, 286, 289, 299, 306, 312, 323, 325, 338, 340, 351, 357, 364, 374, 377, 390, 391, 403, 408, 416, 425, 429, 442, 455, 459, 468, 476, 481, 493, 494, 507, 510, 520, 527, 533, 544, 546, 559, 561, 572, 578, 585, 595, 598, 611, 612, 624, 629, 637, 646, 650, 663, 676, 680, 689, 697, 702, 714, 715, 728, 731, 741, 748, 754, 765, 767, 780, 782, 793, 799, 806, 816, 819, 832, 833, 845, 850, 858, 867, 871, 884, 897, 901, 910, 918, 923, 935, 936, 949, 952, 962, 969, 975, 986, 988]",f,‚ùå,input/incoder/multiples/195.txt
15,"[5, 7, 9]",100,sum,1976,2076,f,‚ùå,input/incoder/multiples/196.txt
15,"[5, 7, 9]",100,product,274895278547260133741779538533111663226880000000000000000000000,0,f,‚ùå,input/incoder/multiples/197.txt
15,"[5, 7, 9]",124,sum,,,p,‚úÖ,input/incoder/multiples/198.txt
15,"[5, 7, 9]",124,product,737909246914479623693059454996996005344990254101954560000000000000000000000000000,"[125, 126, 130, 133, 135, 140, 144, 145, 147]",f,‚ùå,input/incoder/multiples/199.txt
15,"[5, 7, 9]",197,sum,,,p,‚úÖ,input/incoder/multiples/200.txt
15,"[5, 7, 9]",197,product,,,e,üíÄ,input/incoder/multiples/201.txt
15,"[5, 7, 9]",200,sum,,,p,‚úÖ,input/incoder/multiples/202.txt
15,"[5, 7, 9]",200,product,6189382538903061145667750910532443653785831532366490862941796979215099523927355934640676948620083200000000000000000000000000000000000000000000000,None,f,‚ùå,input/incoder/multiples/203.txt
15,"[5, 7, 9]",500,sum,48408,45,f,‚ùå,input/incoder/multiples/204.txt
15,"[5, 7, 9]",500,product,349396755908111774019038978088797522004431048297316590065546880479820425254368777246591949260394122627830229765881328360666125676983287888492499588804508848698976147022470840399959492370907263144784942157364255804278362735540630713411924796642718262859122906033460020203058178952432311180084770743352315403735901583441920000000000000000000000000000000000000000000000000000000000000000000000000000000000000000000000000000000000000000000000000,45,f,‚ùå,input/incoder/multiples/205.txt
15,"[5, 7, 9]",600,sum,,,p,‚úÖ,input/incoder/multiples/206.txt
15,"[5, 7, 9]",600,product,38095487897376438020120255945980587095055117041339511181735737454539335232002226959875224261102073561568725226418598633202381240581583216814609593174816045712365021196657475825212672730831508409634882193404640664108356907688187816254926126916061276455316001630867344878532143100857522041212025665091521050489856723217845249074602677501556251825322462476061259294293782193260752922209178769963771494400000000000000000000000000000000000000000000000000000000000000000000000000000000000000000000000000000000000000000000000000000000000000000000000000,None,f,‚ùå,input/incoder/multiples/207.txt
15,"[5, 7, 9]",1000,sum,,,p,‚úÖ,input/incoder/multiples/208.txt
15,"[5, 7, 9]",1000,product,2087252095057654815812022035739001357908570294301149006664702313788549981040451036160903160958369070382073861237108016009670448009230039433078196830403832328049590603584326189243605051343966091819893233785964516187502365474079286597959470682412070089515186021518151162496943376681065607329442928784678473918181218088995825930442345996954356995121182933098081049946716309503869652441400590260702753070508636593894428945652220979124557494042934964958828571325936224655382785229245713701667833137239642546807713960443341930758812421987311599073441623648701220423031472368174575725083610227318076993274718338871853019596587711936103351973449481102405006612383321448711359186078599282846340336184514986485767262907427193035249381553815817466204416608716881657856000000000000000000000000000000000000000000000000000000000000000000000000000000000000000000000000000000000000000000000000000000000000000000000000000000000000000000000000000000000000000000000000000000000000000000000000000000000000000000000000000000,None,f,‚ùå,input/incoder/multiples/209.txt
15,"[2, 9]",100,sum,2774,2874,f,‚ùå,input/incoder/multiples/210.txt
15,"[2, 9]",100,product,1891708459550321002253343367976069573853376401889791634170642309501788199321600000000000,14610,f,‚ùå,input/incoder/multiples/211.txt
15,"[2, 9]",124,sum,4223,4725,f,‚ùå,input/incoder/multiples/212.txt
15,"[2, 9]",124,product,756484148118055507869296028510278138546956920510847878945241708815225947685190100410466765088227328000000000000000,14,f,‚ùå,input/incoder/multiples/213.txt
15,"[2, 9]",197,sum,,,p,‚úÖ,input/incoder/multiples/214.txt
15,"[2, 9]",197,product,,,e,üíÄ,input/incoder/multiples/215.txt
15,"[2, 9]",200,sum,10989,12177,f,‚ùå,input/incoder/multiples/216.txt
15,"[2, 9]",200,product,255224141340304487372429596508592779958031948066238993158343596922208925125339018921206371291144998965489196069333446025878835099163772740034572970894752988890718849597230949446189056000000000000000000000000,99594,f,‚ùå,input/incoder/multiples/217.txt
15,"[2, 9]",500,sum,,,p,‚úÖ,input/incoder/multiples/218.txt
15,"[2, 9]",500,product,53185544359970633228048461368527178753783059753080115879898469434333721120752857814727842865184071678069481559471446195635681208836788146545925789342966721270390947020438614834801139960856556506644659143708314310622348690613847086018237599590341027036267988221869629679410379607974041699915761892742366334182858011311888072008434991591672675579650294983023896205029883862166475715272625488562203508454703040226367525696014587580091881378627541905725161755367028113923398864256593524573611112568333998164871560403861254639648910332379971131394841826567780495785984000000000000000000000000000000000000000000000000000000000000000000,69306,f,‚ùå,input/incoder/multiples/219.txt
15,"[2, 9]",600,sum,,,p,‚úÖ,input/incoder/multiples/220.txt
15,"[2, 9]",600,product,234342980781744334262177239810136858807394831928892249324102188377400764805314104892044874621623315638911653546404171270228890424491128942043824789033772572971919563681950793404760986984045042240084261639868804477804608135255440609633477430619307549902535729206829028321214856292583581570419360563412268071247126912184486121617015186482866905693557533116975511209099614921021734992263292671433363336629366397318861897340935466801758703774370401690656472343808595084540012370160655732950338400997432481153393648437532545730701134458242618618141438254420132523242588347178720243208706715449066176335069440418401968006265640577952353127622768443080251335771113169358834582884064698710664084030564492902400000000000000000000000000000000000000000000000000000000000000000000000000000000,90297,f,‚ùå,input/incoder/multiples/221.txt
15,"[2, 9]",1000,sum,,,p,‚úÖ,input/incoder/multiples/222.txt
15,"[2, 9]",1000,product,4215965484785246983009905765174089168580937499693788987457744885136657662102407232530850927788578031573436100489804525212121958990395787444387451812674641708598445667363138658396360217150067935322037179415343983514304557320017247702013743275254350175117149377228908713807467097999613569670292514705413415003417526060905375843019013559133895549961347060660781068705512913363012891003666169676529206538222176544904505822720036058919547122507132750123565459749740686287995149313374923357782794737031785847885152138559975224209574847283715183323431463535490704600820016120950263333125885514390872180872931847418206220370780107077630691545697999155994659471694290836861060421394469601008020029965588183783165737624518401566554131674923242414191637206240103290825545931985778572189816924307447584630355029265132496656205848214249138556828962389557113067326233436505661578991721170046280088660920928441099326055421780172537307181071894847903643041502535764419466275917277307646663591805337139652652635974696053056578903906461635311000213502582731490485195758554376747925256801985499043024346591176500926983125325941856444530561351142068169778582389678545422399039327902452905257600471218613206070453341347713989901125979688987665053800294101712349325142199794019151718456193513081544202533650982502400000000000000000000000000000000000000000000000000000000000000000000000000000000000000000000000000000000000000000000000000000000000000,2523738,f,‚ùå,input/incoder/multiples/223.txt
5,"[3, 5]",100,sum,2318,2418,f,‚ùå,input/incoder/multiples/224.txt
5,"[3, 5]",100,product,13656259021130871772314533494945947941803211599380480000000000000000000000,None,f,‚ùå,input/incoder/multiples/225.txt
5,"[3, 5]",124,sum,,,p,‚úÖ,input/incoder/multiples/226.txt
5,"[3, 5]",124,product,436652093530433389227012330623523772215735571595728047000696158945280000000000000000000000000000,"[123, 120, 117, 115, 114, 111, 110, 108, 105, 102, 100, 99, 96, 95, 93, 90, 87, 85, 84, 81, 80, 78, 75, 72, 70, 69, 66, 65, 63, 60, 57, 55, 54, 51, 50, 48, 45, 42, 40, 39, 36, 35, 33, 30, 27, 25, 24, 21, 20, 18, 15, 12, 10, 9, 6, 5, 3]",f,‚ùå,input/incoder/multiples/227.txt
5,"[3, 5]",197,sum,8970,9368,f,‚ùå,input/incoder/multiples/228.txt
5,"[3, 5]",197,product,260111990530269730988881425813525079820541249422522021281533759889572815768749349230470883054030436004745181180119747028582400000000000000000000000000000000000000000000000,9368,f,‚ùå,input/incoder/multiples/229.txt
5,"[3, 5]",200,sum,9168,9368,f,‚ùå,input/incoder/multiples/230.txt
5,"[3, 5]",200,product,51502174124993406735798522311077965804467167385659360213743684458135417522212371147633234844698026328939545873663709911659315200000000000000000000000000000000000000000000000,None,f,‚ùå,input/incoder/multiples/231.txt
5,"[3, 5]",500,sum,57918,58418,f,‚ùå,input/incoder/multiples/232.txt
5,"[3, 5]",500,product,37573854355116906426997805141054809452471881538008277192536541472100994869987783286748881219167009255041877601618645679340350655430519269237606935975820513934908618464403273482408276605451378875017935316492608841762326846482393293189894657703531569110868097874338805834125046860253265733188261491309211107697081812302827100729137452416871307869057302224832657119668936171627520734455117244698752126508072960000000000000000000000000000000000000000000000000000000000000000000000000000000000000000000000000000000000000000000000000,None,f,‚ùå,input/incoder/multiples/233.txt
5,"[3, 5]",600,sum,,,p,‚úÖ,input/incoder/multiples/234.txt
5,"[3, 5]",600,product,19475439662299527946856895868502796674477180367467103393547873546694892822840641270431093557474378112230074023623198619179098716088956020251721588669776520859086548374974288025947097446110153824780303014041676720750364120442370895513359809024718374978736658845087001389047308888153178787129519858070867293089600531851156048147529730147845462056975365502468535899323475151455568831455142982611510478503410300977329232938893347205590106898802546139373701512396027297917269443724082277487384487328939327819979161600000000000000000000000000000000000000000000000000000000000000000000000000000000000000000000000000000000000000000000000000000000000000000000000000,None,f,‚ùå,input/incoder/multiples/235.txt
5,"[3, 5]",1000,sum,,,p,‚úÖ,input/incoder/multiples/236.txt
5,"[3, 5]",1000,product,1693004290488731353360486909793608224710618797167165102688536639594899636916274876052411011602103971024874637346480439719569751667553421423378314538103551285325050887514212914678773529088028144095097270627111525928307568420401645311890228283435268330893369540492624357019695538645035284482578894479531439231674626044683167947931635605438277921583608648092716620754337808079966312584653050707390993196019648675671418215437336303916263734629371441084957162222951959731569253900798370375858908200481917503537443024401405962870346753282375536988606339066812546240190421145910856904876640567018250832846806216464799237595982161047695385260183031977660506175400976469004017880799968474628417891667185892029575874164897611333964220082828119016568847336463005354368061009872964678712575927589691353432261188741041917680153001035653032067229479075747990971658488694669298406656088999801689563326653722735984128947830024798905969978378532515137248780693173960704000000000000000000000000000000000000000000000000000000000000000000000000000000000000000000000000000000000000000000000000000000000000000000000000000000000000000000000000000000000000000000000000000000000000000000000000000000000000000000000000000000,None,f,‚ùå,input/incoder/multiples/237.txt
5,"[5, 3]",100,sum,2318,2418,f,‚ùå,input/incoder/multiples/238.txt
5,"[5, 3]",100,product,13656259021130871772314533494945947941803211599380480000000000000000000000,None,f,‚ùå,input/incoder/multiples/239.txt
5,"[5, 3]",124,sum,,,p,‚úÖ,input/incoder/multiples/240.txt
5,"[5, 3]",124,product,436652093530433389227012330623523772215735571595728047000696158945280000000000000000000000000000,"[123, 120, 117, 115, 114, 111, 110, 108, 105, 102, 100, 99, 96, 95, 93, 90, 87, 85, 84, 81, 80, 78, 75, 72, 70, 69, 66, 65, 63, 60, 57, 55, 54, 51, 50, 48, 45, 42, 40, 39, 36, 35, 33, 30, 27, 25, 24, 21, 20, 18, 15, 12, 10, 9, 6, 5, 3]",f,‚ùå,input/incoder/multiples/241.txt
5,"[5, 3]",197,sum,8970,9368,f,‚ùå,input/incoder/multiples/242.txt
5,"[5, 3]",197,product,260111990530269730988881425813525079820541249422522021281533759889572815768749349230470883054030436004745181180119747028582400000000000000000000000000000000000000000000000,None,f,‚ùå,input/incoder/multiples/243.txt
5,"[5, 3]",200,sum,,,p,‚úÖ,input/incoder/multiples/244.txt
5,"[5, 3]",200,product,51502174124993406735798522311077965804467167385659360213743684458135417522212371147633234844698026328939545873663709911659315200000000000000000000000000000000000000000000000,None,f,‚ùå,input/incoder/multiples/245.txt
5,"[5, 3]",500,sum,,,p,‚úÖ,input/incoder/multiples/246.txt
5,"[5, 3]",500,product,37573854355116906426997805141054809452471881538008277192536541472100994869987783286748881219167009255041877601618645679340350655430519269237606935975820513934908618464403273482408276605451378875017935316492608841762326846482393293189894657703531569110868097874338805834125046860253265733188261491309211107697081812302827100729137452416871307869057302224832657119668936171627520734455117244698752126508072960000000000000000000000000000000000000000000000000000000000000000000000000000000000000000000000000000000000000000000000000,None,f,‚ùå,input/incoder/multiples/247.txt
5,"[5, 3]",600,sum,,,p,‚úÖ,input/incoder/multiples/248.txt
5,"[5, 3]",600,product,19475439662299527946856895868502796674477180367467103393547873546694892822840641270431093557474378112230074023623198619179098716088956020251721588669776520859086548374974288025947097446110153824780303014041676720750364120442370895513359809024718374978736658845087001389047308888153178787129519858070867293089600531851156048147529730147845462056975365502468535899323475151455568831455142982611510478503410300977329232938893347205590106898802546139373701512396027297917269443724082277487384487328939327819979161600000000000000000000000000000000000000000000000000000000000000000000000000000000000000000000000000000000000000000000000000000000000000000000000000,83700,f,‚ùå,input/incoder/multiples/249.txt
5,"[5, 3]",1000,sum,,,p,‚úÖ,input/incoder/multiples/250.txt
5,"[5, 3]",1000,product,1693004290488731353360486909793608224710618797167165102688536639594899636916274876052411011602103971024874637346480439719569751667553421423378314538103551285325050887514212914678773529088028144095097270627111525928307568420401645311890228283435268330893369540492624357019695538645035284482578894479531439231674626044683167947931635605438277921583608648092716620754337808079966312584653050707390993196019648675671418215437336303916263734629371441084957162222951959731569253900798370375858908200481917503537443024401405962870346753282375536988606339066812546240190421145910856904876640567018250832846806216464799237595982161047695385260183031977660506175400976469004017880799968474628417891667185892029575874164897611333964220082828119016568847336463005354368061009872964678712575927589691353432261188741041917680153001035653032067229479075747990971658488694669298406656088999801689563326653722735984128947830024798905969978378532515137248780693173960704000000000000000000000000000000000000000000000000000000000000000000000000000000000000000000000000000000000000000000000000000000000000000000000000000000000000000000000000000000000000000000000000000000000000000000000000000000000000000000000000000000,None,f,‚ùå,input/incoder/multiples/251.txt
5,"[2, 5]",100,sum,2950,3050,f,‚ùå,input/incoder/multiples/252.txt
5,"[2, 5]",100,product,2189456526805939100140269275539963626554435852846401011556865295400304640000000000000000000000,3600,f,‚ùå,input/incoder/multiples/253.txt
5,"[2, 5]",124,sum,4502,4626,f,‚ùå,input/incoder/multiples/254.txt
5,"[2, 5]",124,product,90361458065835849780910298076352991038919843424633574040517674853821937108628165548577621278720000000000000000000000000000,"[125, 124, 122, 120, 118, 116, 115, 114, 112, 110, 108, 106, 105, 104, 102, 100, 98, 96, 95, 94, 92, 90, 88, 86, 85, 84, 82, 80, 78, 76, 75, 74, 72, 70, 68, 66, 65, 64, 62, 60, 58, 56, 55, 54, 52, 50, 48, 46, 45, 44, 42, 40, 38, 36, 35, 34, 32, 30, 28, 26, 25, 24, 22, 20, 18, 16, 15, 14, 12, 10, 8, 6, 5, 4, 2]",f,‚ùå,input/incoder/multiples/255.txt
5,"[2, 5]",197,sum,11702,12100,f,‚ùå,input/incoder/multiples/256.txt
5,"[2, 5]",197,product,91123136492541520943054974837680963849128611215500498212101159245457074167186057988188245952816387108040000132887455434376563551141419963136558409811057522662045767227880243200000000000000000000000000000000000000000000000,11702,f,‚ùå,input/incoder/multiples/257.txt
5,"[2, 5]",200,sum,,,p,‚úÖ,input/incoder/multiples/258.txt
5,"[2, 5]",200,product,18042381025523221146724885017860830842127465020669098645996029530600500685102839481661272698657644647391920026311716176006559583126001152701038565142589389487085061911120288153600000000000000000000000000000000000000000000000,None,f,‚ùå,input/incoder/multiples/259.txt
5,"[2, 5]",500,sum,,,p,‚úÖ,input/incoder/multiples/260.txt
5,"[2, 5]",500,product,2831682279094098365710087175367176568870039978275535791544865027458698385596162176079630365357545020779248492116116374001660043175995377630299699360734446753440318190975399265772024297364684833066837197686304216581383769452188020102527484294536296550483623504252922495660149293019561395547746516003519358799023135988401394683068190797200225752960781310947027335377117916847221924834654437055220293836905050283031301969945384545365978162010906709465279559124354960520979677964172041655284614796347268331020706793291034530981411244486743216392849688301435617280000000000000000000000000000000000000000000000000000000000000000000000000000000000000000000000000000000000000000000000000,74750,f,‚ùå,input/incoder/multiples/261.txt
5,"[2, 5]",600,sum,,,p,‚úÖ,input/incoder/multiples/262.txt
5,"[2, 5]",600,product,628448958358881870571912014217342863473016307097287331658057972184832445379740844823975685192224850788622400189926819663733157633546123002488014405507313389757805213558562403468484936821068346324882031558442544429841921078648805586551365786185295167869689254307014293150144625538544022638333807412798866127850472664277518752510467729462788768794835586208163287634361383785408161518786993178168144317828809820977977586973855793617923599460646382127942179339155914445013331873122822034053271898257697775465283115875263434175491920118433040683062101421165463718300794567231397355510700424163390363069554342643350912143880836818049745083441573930707780213259797012737204466379425295702425977447094681600000000000000000000000000000000000000000000000000000000000000000000000000000000000000000000000000000000000000000000000000000000000000000000000000,None,f,‚ùå,input/incoder/multiples/263.txt
5,"[2, 5]",1000,sum,299500,100500,f,‚ùå,input/incoder/multiples/264.txt
5,"[2, 5]",1000,product,210035265285532072632055303163738241236185004859425115508287390878640068584586639680329020731251436115499114703254205632035155079541052751159287646254472739200193280398131280787842267607392713330825406994625320419860381008894784535621988793705172537888709885322402966283002962959759367438223988676412588407099642522599268963008793355905583877677422300609117049212798986608520554692372357601702497610586073271572205699741922921083277079336474896615033250444720015775994366135920455232835393929252431264573323911804208339641691295919806682864829302532314183948688778111507382375237850771112442547188921286133833791084899877302756521785588908465516684391863761955170259311899468720881488478454844579840796742705917815119523909178410005022300841345299791791366394618547676705490447466220070549434641500078743846412962679982269676185481266102255746266504536370643569079807830942999449167097494519693958935907023725588185888991664585738372114986414891661031051661287858739988508388008935103743773794882130909336567157446964452596895542611037310630118740435649153130696409986236753234224727324341321267781347485056188531567668372942530441806528418587128311861892316750229046361412079398558744843338411869825649654468561862518172540619669701912709510251737036772655213709999582816616385614193960681472000000000000000000000000000000000000000000000000000000000000000000000000000000000000000000000000000000000000000000000000000000000000000000000000000000000000000000000000000000000000000000000000000000000000000000000000000000000000000000000000000000,299500,f,‚ùå,input/incoder/multiples/265.txt
5,"[2, 3, 5]",100,sum,3682,2418,f,‚ùå,input/incoder/multiples/266.txt
5,"[2, 3, 5]",100,product,,,e,üíÄ,input/incoder/multiples/267.txt
5,"[2, 3, 5]",124,sum,5585,7989,f,‚ùå,input/incoder/multiples/268.txt
5,"[2, 3, 5]",124,product,2331737399684742900999248666100229426149809579344201891843214653656287346230263521075120693313116614598852813963911139164160000000000000000000000000000,8114,f,‚ùå,input/incoder/multiples/269.txt
5,"[2, 3, 5]",197,sum,14234,20833,f,‚ùå,input/incoder/multiples/270.txt
5,"[2, 3, 5]",197,product,160111325149550079812502657185415192309480929843492230758999726911001637231363618613112594524673490284827204651510214517642421470024914735454513402421912218897268977323014077521138121463465047681616713728803182236196562534400000000000000000000000000000000000000000000000,20037,f,‚ùå,input/incoder/multiples/271.txt
5,"[2, 3, 5]",200,sum,14432,14632,f,‚ùå,input/incoder/multiples/272.txt
5,"[2, 3, 5]",200,product,31702042379610915802875526122712208077277224109011461690281945928378324171809996485396293715885351076395786520999022474493199451064933117619993653679538619341659257509956787349185348049766079440960109318303030082766919381811200000000000000000000000000000000000000000000000,29,f,‚ùå,input/incoder/multiples/273.txt
5,"[2, 3, 5]",500,sum,,,p,‚úÖ,input/incoder/multiples/274.txt
5,"[2, 3, 5]",500,product,427363461087833961241596123858407833517283442556174209653710109285060762426769092994848360936302603321808282423806747678994989451640897402418387646943650993358230148613149013271556089166860165073524685579293875054626134457429590871949694399162843457406860347352708458194319209512015593166083191076239187331846252725354140537856070803426460793885386820426940153529041336308108084612877527823459319194559055392857646212709951105195831585061786805220336944931788229253753882536931535418240346512083372700236974695798333273860297568624737109373057845233370562211229851552063845103491620316799153041256673649910403283422394807985494258604083817941470233026314582892268464791488208304785918156992907284099901685760000000000000000000000000000000000000000000000000000000000000000000000000000000000000000000000000000000000000000000000000,128583,f,‚ùå,input/incoder/multiples/275.txt
5,"[2, 3, 5]",600,sum,131700,5700,f,‚ùå,input/incoder/multiples/276.txt
5,"[2, 3, 5]",600,product,20301829798191899980697693241421236596123432832736586500321266787242151728570848870273455186383050239602050739472063436333477674685530691421129139094731165758425715913364726950529867679303975275886401212236564421509640839823683852473363609401104394612510579614338511963475448320464690812700928953914956583788489896702647956909991832219408801501427511413205911570897321897080972917434574357936870575422899873076258899560287341384777529380322927012836010486595726254204374357965968039305416359939952877704779332076446881247544311232144214304282889136950082803018532963298716225083219271435259865075433276051688977339970808999048403738323184818567883460747740383823430082222199839787193252298849149251624996923989278514213504564187479468472659232823180461564470964805534034188832344921087622447035389824545514382031568658965185900093617104430787080612536094525740403966559104075763915161600000000000000000000000000000000000000000000000000000000000000000000000000000000000000000000000000000000000000000000000000000000000000000000000000,None,f,‚ùå,input/incoder/multiples/277.txt
5,"[2, 3, 5]",1000,sum,,,p,‚úÖ,input/incoder/multiples/278.txt
5,"[2, 3, 5]",1000,product,26074721841935124457924886036029158780621046789352255853674160286015607862618928237063541824840666575781708646137242426703101230687151605638408840323126949634042965413827400548612738332586447990485646714434454084069491415089016728005331267007664622467177291773493071531271000268426272821509384797448065059976410525971598281602487975613210186167348986926513700167097001212983058734296107134242014739805461347816804638971614660908020325461870264090900448135007502622157399808350083398057065090946364310885863150426963196116525188253939550385599211990775653067354615216085087700956264480017751020768466675411904309028327500767188130958256987748665068769273628577250062324386885550139125976033517524493558843704002861792801439099076685014026071157652927101050477109245675453783299398631566747072829508577270205604813337910387799088790689572596425420849322285689390243094838036007267517629211083978239366810629599530307206027178499326972190764148264057503938627075666711059100464410085424531793433796395982022166051187584473319552813223763763321745952342921635413112538905443832139407744971214580293501019361121108649956308352375825833017483017277724231026940437678740805438716145732289797246175484483375015416607910850094036912250398630490087041017745265432900311609431411444790073769980277926601531812007554453842017939539275062789000653251833683636116739641704874722590432071403478415404333983594497575582080237563070939987892316982091231314566210741546285117148916908723026526078484809063213104209560894445530805154337846331739341387356758703884583111430685777347811887760824441628907929131933239422770265779517346511667602903442617532416000000000000000000000000000000000000000000000000000000000000000000000000000000000000000000000000000000000000000000000000000000000000000000000000000000000000000000000000000000000000000000000000000000000000000000000000000000000000000000000000000000,515833,f,‚ùå,input/incoder/multiples/279.txt
5,"[5, 3, 2]",100,sum,3682,2418,f,‚ùå,input/incoder/multiples/280.txt
5,"[5, 3, 2]",100,product,35368674398053675755125743495729953704688979753067569772594338994025651789090578993908725841920000000000000000000000,None,f,‚ùå,input/incoder/multiples/281.txt
5,"[5, 3, 2]",124,sum,5585,5834,f,‚ùå,input/incoder/multiples/282.txt
5,"[5, 3, 2]",124,product,2331737399684742900999248666100229426149809579344201891843214653656287346230263521075120693313116614598852813963911139164160000000000000000000000000000,5709,f,‚ùå,input/incoder/multiples/283.txt
5,"[5, 3, 2]",197,sum,14234,14632,f,‚ùå,input/incoder/multiples/284.txt
5,"[5, 3, 2]",197,product,,,e,üíÄ,input/incoder/multiples/285.txt
5,"[5, 3, 2]",200,sum,,,p,‚úÖ,input/incoder/multiples/286.txt
5,"[5, 3, 2]",200,product,,,e,üíÄ,input/incoder/multiples/287.txt
5,"[5, 3, 2]",500,sum,,,p,‚úÖ,input/incoder/multiples/288.txt
5,"[5, 3, 2]",500,product,427363461087833961241596123858407833517283442556174209653710109285060762426769092994848360936302603321808282423806747678994989451640897402418387646943650993358230148613149013271556089166860165073524685579293875054626134457429590871949694399162843457406860347352708458194319209512015593166083191076239187331846252725354140537856070803426460793885386820426940153529041336308108084612877527823459319194559055392857646212709951105195831585061786805220336944931788229253753882536931535418240346512083372700236974695798333273860297568624737109373057845233370562211229851552063845103491620316799153041256673649910403283422394807985494258604083817941470233026314582892268464791488208304785918156992907284099901685760000000000000000000000000000000000000000000000000000000000000000000000000000000000000000000000000000000000000000000000000,None,f,‚ùå,input/incoder/multiples/289.txt
5,"[5, 3, 2]",600,sum,,,p,‚úÖ,input/incoder/multiples/290.txt
5,"[5, 3, 2]",600,product,20301829798191899980697693241421236596123432832736586500321266787242151728570848870273455186383050239602050739472063436333477674685530691421129139094731165758425715913364726950529867679303975275886401212236564421509640839823683852473363609401104394612510579614338511963475448320464690812700928953914956583788489896702647956909991832219408801501427511413205911570897321897080972917434574357936870575422899873076258899560287341384777529380322927012836010486595726254204374357965968039305416359939952877704779332076446881247544311232144214304282889136950082803018532963298716225083219271435259865075433276051688977339970808999048403738323184818567883460747740383823430082222199839787193252298849149251624996923989278514213504564187479468472659232823180461564470964805534034188832344921087622447035389824545514382031568658965185900093617104430787080612536094525740403966559104075763915161600000000000000000000000000000000000000000000000000000000000000000000000000000000000000000000000000000000000000000000000000000000000000000000000000,131700,f,‚ùå,input/incoder/multiples/291.txt
5,"[5, 3, 2]",1000,sum,366832,233168,f,‚ùå,input/incoder/multiples/292.txt
5,"[5, 3, 2]",1000,product,26074721841935124457924886036029158780621046789352255853674160286015607862618928237063541824840666575781708646137242426703101230687151605638408840323126949634042965413827400548612738332586447990485646714434454084069491415089016728005331267007664622467177291773493071531271000268426272821509384797448065059976410525971598281602487975613210186167348986926513700167097001212983058734296107134242014739805461347816804638971614660908020325461870264090900448135007502622157399808350083398057065090946364310885863150426963196116525188253939550385599211990775653067354615216085087700956264480017751020768466675411904309028327500767188130958256987748665068769273628577250062324386885550139125976033517524493558843704002861792801439099076685014026071157652927101050477109245675453783299398631566747072829508577270205604813337910387799088790689572596425420849322285689390243094838036007267517629211083978239366810629599530307206027178499326972190764148264057503938627075666711059100464410085424531793433796395982022166051187584473319552813223763763321745952342921635413112538905443832139407744971214580293501019361121108649956308352375825833017483017277724231026940437678740805438716145732289797246175484483375015416607910850094036912250398630490087041017745265432900311609431411444790073769980277926601531812007554453842017939539275062789000653251833683636116739641704874722590432071403478415404333983594497575582080237563070939987892316982091231314566210741546285117148916908723026526078484809063213104209560894445530805154337846331739341387356758703884583111430685777347811887760824441628907929131933239422770265779517346511667602903442617532416000000000000000000000000000000000000000000000000000000000000000000000000000000000000000000000000000000000000000000000000000000000000000000000000000000000000000000000000000000000000000000000000000000000000000000000000000000000000000000000000000000,None,f,‚ùå,input/incoder/multiples/293.txt
5,"[2, 9]",100,sum,2774,2874,f,‚ùå,input/incoder/multiples/322.txt
5,"[2, 9]",100,product,1891708459550321002253343367976069573853376401889791634170642309501788199321600000000000,2874,f,‚ùå,input/incoder/multiples/323.txt
5,"[2, 9]",124,sum,4223,4347,f,‚ùå,input/incoder/multiples/324.txt
5,"[2, 9]",124,product,756484148118055507869296028510278138546956920510847878945241708815225947685190100410466765088227328000000000000000,None,f,‚ùå,input/incoder/multiples/325.txt
5,"[2, 9]",197,sum,10791,99,f,‚ùå,input/incoder/multiples/326.txt
5,"[2, 9]",197,product,1289010814850022663497119174285822121000161353869893904840119176374792551138075853137405915611843429118632303380471949625650682319008953232497843287347237317629893179783994694172672000000000000000000000000,18,f,‚ùå,input/incoder/multiples/327.txt
5,"[2, 9]",200,sum,,,p,‚úÖ,input/incoder/multiples/328.txt
5,"[2, 9]",200,product,255224141340304487372429596508592779958031948066238993158343596922208925125339018921206371291144998965489196069333446025878835099163772740034572970894752988890718849597230949446189056000000000000000000000000,101396,f,‚ùå,input/incoder/multiples/329.txt
5,"[2, 9]",500,sum,,,p,‚úÖ,input/incoder/multiples/330.txt
5,"[2, 9]",500,product,,,e,üíÄ,input/incoder/multiples/331.txt
5,"[2, 9]",600,sum,,,p,‚úÖ,input/incoder/multiples/332.txt
5,"[2, 9]",600,product,234342980781744334262177239810136858807394831928892249324102188377400764805314104892044874621623315638911653546404171270228890424491128942043824789033772572971919563681950793404760986984045042240084261639868804477804608135255440609633477430619307549902535729206829028321214856292583581570419360563412268071247126912184486121617015186482866905693557533116975511209099614921021734992263292671433363336629366397318861897340935466801758703774370401690656472343808595084540012370160655732950338400997432481153393648437532545730701134458242618618141438254420132523242588347178720243208706715449066176335069440418401968006265640577952353127622768443080251335771113169358834582884064698710664084030564492902400000000000000000000000000000000000000000000000000000000000000000000000000000000,99501,f,‚ùå,input/incoder/multiples/333.txt
5,"[2, 9]",1000,sum,277724,305444,f,‚ùå,input/incoder/multiples/334.txt
5,"[2, 9]",1000,product,4215965484785246983009905765174089168580937499693788987457744885136657662102407232530850927788578031573436100489804525212121958990395787444387451812674641708598445667363138658396360217150067935322037179415343983514304557320017247702013743275254350175117149377228908713807467097999613569670292514705413415003417526060905375843019013559133895549961347060660781068705512913363012891003666169676529206538222176544904505822720036058919547122507132750123565459749740686287995149313374923357782794737031785847885152138559975224209574847283715183323431463535490704600820016120950263333125885514390872180872931847418206220370780107077630691545697999155994659471694290836861060421394469601008020029965588183783165737624518401566554131674923242414191637206240103290825545931985778572189816924307447584630355029265132496656205848214249138556828962389557113067326233436505661578991721170046280088660920928441099326055421780172537307181071894847903643041502535764419466275917277307646663591805337139652652635974696053056578903906461635311000213502582731490485195758554376747925256801985499043024346591176500926983125325941856444530561351142068169778582389678545422399039327902452905257600471218613206070453341347713989901125979688987665053800294101712349325142199794019151718456193513081544202533650982502400000000000000000000000000000000000000000000000000000000000000000000000000000000000000000000000000000000000000000000000000000000000000,None,f,‚ùå,input/incoder/multiples/335.txt
